relative_path	bytes	sha256
.github/workflows/ci.yml	610	01b0fbe414d035ec9aab986974ad5fdf0296dd5780dabd7ea9ae1342274bb1cc
.gitignore	158	88af188726d8ba053158f78dd580b8a43542e725371d4040749d5cc2bf48ba38
CITATION.cff	507	c3ade58a66e659e16a4394f64b05756c5a1c59381b63a3ebf4b5521994aedfe4
config/apoplastic_cell_wall_apoplastic_target_families.tsv	852	15db6d35b8bbc1cf0d79837c3e7324a5659f38fe11c01eef23ca33a0032efd79
config/apoplastic_cell_wall_prig_xtae_deseq2_sample_sheet.tsv	1002	64c16a66fbde8e1723e4c218f7a468377cdf6d2faaa8536c1f65e65b7316844e
config/apoplastic_cell_wall_prig_xtae_quant_manifest.tsv	1222	d2f27aa023f6323ea854d9dc0d500c5442ebbc7dca2594215a3c62f753dd4695
config/apoplastic_cell_wall_pthun_deseq2_sample_sheet.tsv	975	40103ff03d3bbd9ca149056e68f2697f330e5e6c140cfe315ccb3cb46829c014
config/apoplastic_cell_wall_pthun_quant_manifest.tsv	1402	4326417ac27bc160c95ec0c1e8ce226dbfb0a14b518114c0d6a1839a90a4041f
config/apoplastic_cell_wall_pthun_sensitivity_deseq2_sample_sheet.tsv	875	6a7c3cb63cbc619ba3b94824da3fba5fb7ff5bd08762c6c1065ef498e9e0d186
config/apoplastic_cell_wall_pthun_sensitivity_quant_manifest.tsv	1251	ba3edce303b304575306269cc91dc6d86c6a273c12de053abbd546ddd21bfee7
config/cafe_diagnostic_panels.tsv	657	9987a58e1dbe6c0e47f7ee077867661bc9ce47be319dce4316e0242a1fd2c02e
config/cafe_diagnostic_runs.tsv	2215	a6cc1e4db851ba56bc3de61faf677b99e051de9cf03292c664436c002f55df83
config/cafe_time_calibrations.tsv	3212	9731e06fdc93b9b80fba88ca98e83d5177be400a55c4d2e47ad9e1e92dc372b2
config/config.yaml	3159	7b725aaa37e937e13b21910db47b0609ceb37b32d82c29403454da82083f5a41
config/data_sources.tsv	18212	ce1a8ff1292937826abf7acc6f4d92ce4b2c92e2938ce3a588a6d2b8efd1d259
config/defense_modules.yaml	1882	af9fb91f600e942c38ab3f5539acd84b4260e94eff1da1f6ff38586fbda5dee7
config/effector_host_module_map.tsv	986	dff1b6bf2aa658358b734180a7d27ede3a9df1c3bed5c1d48c746fdcf7f5102b
config/effector_keywords.yaml	819	d1222d50ac8812aa89d2188af9a53547f90f04b60e4a85403d437faa0648364b
config/effector_target_network_arabidopsis_locus_map.tsv	772	61974273adb3340804f1a85c7f41d639936a7e01990b6365367af67fb990892b
config/effector_target_network_host_target_compartments.tsv	521	48c98077d6befcdcb032a97eb2d3527f4b97305f01fccdf0279f5e26dbe18bed
config/effector_target_network_pden_deseq2_sample_sheet.tsv	792	479ac7e0b1ddf11f68c8da46b8f884556ef6fa7556296acb5c0a33259b36c872
config/effector_target_network_pmas_1dpi_primary_sample_sheet.tsv	1608	491c786ccfde17f685e8d3cb0648661d92b1e6f7b9e0fe4effce93b4933ad874
config/effector_target_network_protease_family_constraints.tsv	965	5d0db59161e0f6141e011f8d8feae05040508e30939928c45be04fd1c768cfeb
config/effector_target_network_pstrobus_deseq2_sample_sheet.tsv	908	80be0ad5134db5b2afa1613c4d6b3693a4915b9fa36b82ea0ff801f5f9b98493
config/effector_target_network_pstrobus_quant_sources.tsv	946	de32a72a8616f02c5d58ec070709964752cf06b2493e3bf5dc43c9b3772f4743
config/expansion_candidate_species.tsv	5125	85a32d784f99c450142b3a7db3901ca3cad8bf4a4b346a239116ffec074aaa31
config/external_sequence_analysis_runs.tsv	3746	d245edde79e3d75098a14dc8b61b0a4d1d835ff19466c6ba06e24c7b9736e191
config/mechanism_axes.tsv	1049	9e45d7ae0d98c24e1cee64556fe984043eb96a2e37fac97b0bc56d7951bdd5f6
config/phenotype_matrix.tsv	1605	ac64ef150f13e185eed0f0185c4a7ab5263fcab93e59325d401705350e52a583
config/pmas_pathview_pathways.tsv	410	2b50c8dbddef9af88c1b270bc8d70d1082c483a18a3b62b600f92dc18a645824
config/pmas_pathview_reference.tsv	682	f0bec4642d06f44669fc4539a7393da8901b9a8cb00d73db4e501d85a718596f
config/public_expression_evidence_sources.tsv	1908	7a24e6eb109e216c7a53bc4eb63cff2e7683baf9464f02e68fb27af86df9d351
config/public_expression_supplement_sources.tsv	2573	8af58053210d38804bd18ff5fb6476099d0b07d73da483eea837de191484ffbe
config/published_secretome_downloads.tsv	1615	dd513a9b1d58cae1962af6630291b333b3112355f1a85316d434c4bd59bc72b7
config/published_secretome_sources.tsv	797	19d4eaf8bd938212dd9fbc2a09846ed4a3dc0ddbf23b58db7dc19d3eb642ebe1
config/release_data_crosswalk.tsv	13916	6b3bab3e03051603adb08d9c8ed6b2aaad1c08f92e75a26dea6674520dbc6e7e
config/rnaseq_quantification_runs.tsv	2350	a5a007b5b247f0825e47f1fc0915e3524e47b797107e8dbd2df80d2ee6cea1aa
config/secretome_evidence_tiers.tsv	609	5e9c9c984eb603a13abb1724911cb6a720b0814784c042934d82ce0fcdb83da2
config/secretome_functional_databases.tsv	462	955151f99a995b62348885ae13220c6ba1ab334158e5ebcba8bb8da471b186ed
config/secretome_functional_search_parameters.tsv	1212	05c400ba041dc1fef35c10b55cac7fa532233cfa7959d831c8956a902b3efa46
config/species_metadata.tsv	3396	dc39a983b4c779c080aec4a868ecaa366b97ba43e07132ede4c5ed40e9d59683
docs/cafe5_diagnostics.md	25447	8182544acdbeca0dfb895d5fcbfd5c3be68bd337a3fcc6f9dbf3a72dd74b64e8
docs/circos_figure_data_freeze.md	1196	13c60bb91c86474c0c54e7a637e1cb44c2cb8375afee2502ee4fbbb84d912e15
docs/data_provenance.md	685	30de524c06fd1ba3acc45921657ea85a7c8f2577794cbf0260dafe740d008d47
docs/reproduction_guide.md	826	3ed7f61b4d3afbfda349657b5bf00d6669f756f96243944138e897161708cefc
docs/workflow_overview.md	915	746d46020c2d0f0e52077f0db5e3ab50f99518dae7ce8ec3ad307d870a7481fc
examples/smoke/config.yaml	91	6b205692bc200c016b37963791e7c6d2ca32ebc142889e2ef0c33fa9be522d60
examples/smoke/expected/proteome_summary.tsv	128	d9d4bf6b114a68d17d70046e395aa9ee52ae86758c6ef6770a4cd563d1e01351
examples/smoke/proteins/species_a.faa	133	bb9c2c566574c04846032884479c1b243aae87f0ea69285015e15912338bc882
examples/smoke/proteins/species_b.faa	129	a4bc03659fdca865d870aed4dc98785f996c69ec5cedb268c5f48c535df170e6
examples/smoke/species_metadata.tsv	149	9b65d829a119cacb5c7e29a930914bddf958e89882032a232a73434307cef8cf
LICENSE	1057	75054b6a08e1008c86b6045ab99add2c8fa571987880951a9929f11ee56a7d64
README.md	3266	157a3710e7358eb0efea669ac340ee6ab8acac35941b97344ce52888ba891e90
scripts/annotate_defense_modules.py	6768	eeee7c10b64ff8b75291cca42eeef371ba7893658f297d84a8300aa8105e765a
scripts/audit_effector_target_network_target_compatibility.py	7693	417c32a25207a917394da57296c35d8c2cf1270b9dfd653388587a69366b6471
scripts/build_apoplastic_cell_wall_apoplastic_target_hypotheses.py	7723	c7043914390e952c06ed54d273f218bdf790c1bbfeb5e66f408ca2145515362a
scripts/build_apoplastic_cell_wall_sequence_resolved_shortlist.py	4763	fcbf504424ac2c8781c60d91d061f0555492f4eec1ad8cd72e8a399609d1d078
scripts/build_apoplastic_cell_wall_sequence_validation.py	10165	188ad311dc0d1466bc601b859aa54666d2a78bf4f6cd30441b86431ef47ba011
scripts/build_apoplastic_cell_wall_tier1_constructs.py	5163	bc1f1a9383689882d0f988ef01c11dbdcbfe4f254b09909d163b15c82e31f46d
scripts/build_apoplastic_cell_wall_tier1_experimental_design.py	14200	b1cd467cab0cd450d47ae42cb9f6dfbb3d3623a2a0fd9d3938e27b5e906d10aa
scripts/build_attack_defense_figure_data.py	23035	7ae8fdadf8fb8c01da024cb760cdebe517f254ceb681a56052e837f255187d7d
scripts/build_cafe5_candidate_turnover_figure.py	7854	7c8770cd55ee7794796b48825ecefc4bfe09447abd648a13ab6222e69fa5081d
scripts/build_cafe_diagnostic_candidate_stability.py	8568	dcd4ec0741c5706766bd20e0367241b8077aa1d3ffa09c280f50712c5f0f22f6
scripts/build_candidate_coevolution_genes.py	7165	a0225d7c4545ccb55fa8b913dc7c214aac12e2fd903c817cfdbc9b48a0157b3f
scripts/build_candidate_manual_checklist.py	6270	0d1f7b188895a65ecb63918db17cb74688b302b45eed550fdc1c7b4e759c3129
scripts/build_candidate_orthogroup_reference.py	5000	441febeeeeb4f8d0109a120dd1adde9d7524b53229a369783a5dcb3aa6f40c54
scripts/build_candidate_proteome_sensitivity.py	6019	297071c96ff3b87b1925c93f41c772d069c7f33692b24dfc9644cb60d408f75a
scripts/build_candidate_review_decisions.py	6042	3a3b3ec5660f12564801ab4b6475ff65ee6b89b943ef648504dd1c94dbb8794b
scripts/build_candidate_tree_metrics.py	10054	ad2541fa1e767f6c18f77b9e476e30f88ba2ed239a7b2b37320eda23344a29c3
scripts/build_candidate_tree_review_report.py	4311	2bf580a2777632a3de8fc1e9133d02afa43b531dd1d5604e4c7b238267783e89
scripts/build_cross_species_expression_cross_species_validation.py	10737	8dc4329464d303f11844cad2b401666976a1fc69494504fe97aece3f600bc668
scripts/build_cross_species_expression_target_proteins.py	4742	63540dbb1bb0964afcb72845b874bf657b4ab5d6e0c2b25daaa038698cea8c16
scripts/build_cross_species_expression_transcript_mapping.py	4989	5e7c7df0c246c13a3cb245f5ee78113644f872acfc465bd6990be054c492053b
scripts/build_effector_target_network_expression_priority.py	6519	7c582bf511bbe77a3f7000e5dd5ac1b037fb2d0c75f0bdeae80dc059e56cf920
scripts/build_effector_target_network_expression_support.py	10364	d53d8e1f8f98489bcb70ae34253ee93587dbf0e0a4a3ca4f9893e0cfdb11d69a
scripts/build_effector_target_network_functional_bridge_audit.py	13520	f81004418eed4506c44e4491b5560070c175a16929bc66749761b1eaf9807214
scripts/build_effector_target_network_giie_tx2gene.py	3790	fe62210fe500ffcdce651c077927b6da9d039a45e01f5429204a34a1bfb381c7
scripts/build_effector_target_network_identifier_crosswalk_audit.py	9878	d28346a43306a9221303268c12fa032be7584c80a0f7fe080d5e46ca89c08d94
scripts/build_effector_target_network_integrated_effector_target_hypotheses.py	11244	a76ea662d8470d924414f91a204955244aa15e3a7fdeb104b566b6e8290410ab
scripts/build_effector_target_network_mechanism_hypotheses.py	9813	59e6cfe974c0e3dbdfd6cec9845f6691be0948bd29e27950b71b1cd28e23565a
scripts/build_effector_target_network_network_seed.py	9010	2a2839f3700b47d6727184966a6ba9b1931eb087444cadfef681bfdad9a5abe1
scripts/build_effector_target_network_pden_expression_source_audit.py	17151	50db30e3bc3b1d9aab0df1a054ffbd1502d9b49c5b408d16b558e53c0c4adc13
scripts/build_effector_target_network_pden_rnaseq_manifest.py	17463	6e2041a1d15ffff0d0f1955fd0084ab6664af9b4dd90c0bab6100214f33e559a
scripts/build_effector_target_network_pden_trinity_to_pd_mapping.py	9716	e24c21f282970c1a383ba4b67613d9c6092c4edf4d3beb76e5a52386c2adc6e8
scripts/build_effector_target_network_pmas_expression_overlay.py	4007	bd6c8b7aceeac91faf4235a0bbec5b28c6426f17b4b6c514865ac36ec12cb6a9
scripts/build_effector_target_network_pmas_interaction_overlay.py	4251	7c5a4bafb20b09d83c83d5eddfea33cb19f3c90b2df37203a4d805144c5ed251
scripts/build_effector_target_network_pmas_tx2gene.py	1985	829c47add5c8204a3b56e11fce14392efe228339593faa771765b0cd8c864eb8
scripts/build_effector_target_network_pstrobus_expression_bridge.py	7531	a95ccee2132a980690e2ffa7a07b7795847425cc12d224421622ef94e0a2e5b5
scripts/build_effector_target_network_ptae_bridge_ids.py	2493	3a448ec56bacf3754cd5e7d042c10233a979bf6805ea4c04e1e5c9799501fca3
scripts/build_effector_target_network_ros_expression_overlay.py	8062	902aaa128fff9d95877d2b303cddebb6d43a3a315311dcf28dba96396532933e
scripts/build_effector_target_network_ros_neighbor_modules.py	10476	301453af0113f70c91044468042990bc2faad2e1519ce8077d7f497f5e7d37b0
scripts/build_effector_target_network_ros_supplement_overlay.py	13364	6ef2eab92a6c4d5367520fbfb43cadc44775d7a48b997abb1b982b4a022c08a0
scripts/build_effector_target_network_secretion_filter.py	7961	b1c465588e476c52b25b0facce0349dec04147a869ff69c264cc9c5674e61f28
scripts/build_effector_target_network_string_centrality.py	10958	3264434b297ab569c156f45e7a17eff07a6035bf5d953ba46b786d6cab0177ad
scripts/build_effector_target_network_string_evidence_channels.py	9213	5f5b9498bff28c5315b77dd4537418efa3e971243e3e76c97df5d5fcf4ac01f4
scripts/build_evidence_circos_gene_sample_mosaic.py	23775	0794c4f895f81aef41e9fc8ccba3cf38bb4061e410f86704326c0ccf878d0038
scripts/build_evidence_sector_circos_data.py	26049	6a441ce8070c959173bf35bc29aacf5070eeca174b69852ff6bd851ac7304766
scripts/build_gene_family_matrix.py	419	172480c731b76c5460ffeeb82908623d79ecacc808b4adfa56df359d2d50559d
scripts/build_host_mechanism_evidence_integration.py	29517	36ced7cddf329e17fe07cd1ec30c75bbbade14334736732b0990a30047b545c7
scripts/build_integrated_mechanism_candidates.py	6651	6af5122758dc9cbfeb465b76b766957353e203ff9f084225d1757f1fb74775b6
scripts/build_main_circos_tables.py	4994	8c60078f9e139b6e6b092fd4ba01066aba2b7d7bbd67536f98441aae32118d53
scripts/build_manuscript_candidate_summary.py	6885	7793953dd6a0bbc9be2027935d84b8a29a433ad3e4121f2adb37ca67eaf40073
scripts/build_manuscript_mechanism_summary.py	16262	2c06108aefc7e09bb70de122f9fa5ec8e1c2da1ff650d3d2727373ae97c3af67
scripts/build_manuscript_revision_audits.py	16801	0c3b0569e4c2b37f7fc549c8ac6ab3025e29118e099dde675588f230110e1c73
scripts/build_mechanism_axis_summary.py	8945	4863d9d7798648400b982371d8774e1f5abebbcbb335a9df15b0ab03d52a5cd9
scripts/build_mechanism_candidate_network_input.py	3831	8a67e4db98c162271390d56809655111a7dd0c0d7c2ec58c81b05e31a3b0f6b2
scripts/build_mechanism_chord_inputs.py	8103	122e215c5c121e5eb7f1f0968d524479811efc32417872b7a2e111e451998eda
scripts/build_model_supported_review.py	7001	4a623633ca1e34c79edd93a7b00fe0fd46deff23290497c828886a13495a623e
scripts/build_multilayer_candidate_circos.py	20378	d2156623818062888a8f843e26c7a1bb0ce8fbe1250f738e0452e59e66f285c6
scripts/build_og0005853_pr4_dossier.py	17867	3985bc4e7df714a4fabb9cbaf7335061585f8cd9fa4142c749f6b253d3426780
scripts/build_orthogroup_consensus_mapping.py	6324	acbf3cb7a644c687c1347bcf8b55d9032ce6ac226706babbf1e3fd8a8254c3d4
scripts/build_pmas_interaction_feature_annotations.py	5881	919837a037fcfc8bc1a8f156e313640aa1fd7f1ac09cdb9364b3f813686a3755
scripts/build_pmas_interaction_orthogroup_summary.py	5986	038b7f5e00590a1373fcabc34aac859423276a22bc04920f5f94396146890e19
scripts/build_pmas_mechanism_competition_report.py	10257	6000a7e9dbd75f8ab195a2c14c1b4dee3f6226c4b2b8a6ed54eaf433d899b115
scripts/build_pmas_mechanism_cross_species_validation.py	6893	412423a3e4d92617e35ec3a4ec76c08b4b6da06968ce7587e28dd3fdaf7b3a42
scripts/build_pmas_pathview_inputs.py	4919	f143902b50c8d2e035c0823053a494739106b6f79a06e4a4d5c8f83fa064ce9b
scripts/build_proteome_quality_audit.py	7789	c231ee0dfed0b5222dcb3d53c83ed716634163a4da6c60c0dd0440f73a0fac1f
scripts/build_pthun_sensitivity_audit.py	4873	7747d4f223caea9bb935294ddafc07233c3fcecb1090c0003d6233ff9cba100f
scripts/build_public_expression_evidence_plan.py	7592	c641bcfe99c7818d86abdefdf633f8bdf8fe114c52df82a98cf1b65526fdbf10
scripts/build_published_secretome_queries.py	7944	3edda2fde19fcf957ca6eecde5f7a7d5468994e1dacbf49206a4404fe088f334
scripts/build_reciprocal_best_hits.py	8499	53ef0051822e9f454a3e44a582ee7f3ff2db0fc170d938875ee7214e8982d617
scripts/build_regional_family_review.py	11597	6473c1bb784b8f7209f549d42e3613c605ff36c984266388b9f45959b8f8a30c
scripts/build_rnaseq_qc_audit.py	9439	a5d2a5d4156f1e0df7ddb10f3e7cd0bd814c79279a70889ee20f5ae6db39dad1
scripts/build_secretome_audit_figure_data.py	4921	76f7094a7ca74b1ab6a8c892fa3fb433c99f0ba626fd09c5139fdc67efbba893
scripts/build_secretome_evidence_audit.py	8941	f31f83c499cbf04a362822e792f428d407ce7587740992fc5560b8c6cf7cc091
scripts/build_stable_orthogroup_tables.py	4520	f2aeac80ef01663be8dd4e68f7f5641883d3da7bcac70560e79df1d40341ad6d
scripts/build_trinity_tx2gene.py	3503	ec1ce20dc4c1615976761c993d9c8020e13df2c03acf71ac1c826ccb42312657
scripts/classify_effectors.py	5478	447ed6c406ed4c7b94cdd8c0e52ed070c0a17d52e9d2e364e0a30207d7b7a0fa
scripts/clean_fasta_headers.py	4658	c50daa4dfeed82e225f2a5f16157e66a5f58418947c0f19fc724d2e796ba60bd
scripts/compare_orthofinder_runs.py	5678	6b160cf4238f9aa2c13df7854e70f7d4ce4d36f09a67f1b1d90f92e3951559a8
scripts/contrast_candidate_regions.py	10641	84e26af228ace16ed3f5df278bd1103128d792cf843f3e66b145f33812637cc7
scripts/download_published_secretome_sources.py	3880	cd8ec78b06be6262f10a90660370bb9a4980d30203346c6e3da137f8bd67f83b
scripts/download_secretome_functional_databases.py	4601	3e824851f66c6a9084995684ffb10529edbcefb5e5a8aa0228e241f531bb7409
scripts/extract_apoplastic_cell_wall_apoplastic_target_proteins.py	5963	f48d49b63f249525301498add83ae42ea1b43dea741fdcfd5d9e17bfbbd04abf
scripts/extract_effector_target_network_pden_trinity_sequences.py	10603	7e4a69ca9965413cb3867e4ca25fe9cf18f652a41b5a249a5424bb80fc82209c
scripts/extract_effector_target_network_supplement_gene_hits.py	5998	a2bd5f189dd280df431b266dc0bacb1b7bdfe42bdf99693973706e7ea0ff33f9
scripts/extract_public_expression_literature_evidence.py	6378	ceaf2ff1a755b8f10cb232edc87b3c0be9b7ebd171e9acb77a84e28b4d12367f
scripts/extract_standard_secretome_fasta.py	5076	7435f98d30286481850491be8f8c3330cdbe2abe2034f2ed18d2241f3763425d
scripts/fetch_effector_target_network_string_network.py	7905	0d26ea7822100083c5195e5c9b3b08b2924108171a407d0756d03203299abf1d
scripts/fetch_public_expression_supplements.py	5580	87142f73a19826967d60f71ebf2e760f2d834870e9269015d793d979bf57fa19
scripts/fetch_public_expression_texts.py	3874	f3ef5245f3e3e1d9929d5ca9f9b0822ff7fca3a9ec842c854eb53bef89e2b712
scripts/freeze_circos_figure_inputs.py	4704	0f4c4bcb48814f5d62c6963cd8270a5b139beb6058f23837ffbd872987574182
scripts/integrate_published_secretome_crossvalidation.py	11642	b61ee84df8771d15436d59ac80b60affe7218b4429d45217b396a7ca4fe686c6
scripts/integrate_secretome_functional_evidence.py	12267	70a3578a7bd9d5a63713030171435c18dc54103e8bb8b8c2d06fd73919a7ebca
scripts/inventory_public_expression_supplements.py	4697	73d729b37f376c4b611cfed52b784bfaa0c00d8df90949001c9be27fc2d46d8c
scripts/map_effectors_to_host_modules.py	5181	a7f94132de9d0662e7a5982e7844eae5c8227ee0794156ae4486a5b70e74bded
scripts/normalize_database_fasta.py	3756	6303b2275ca0cc5ebdec5f5440122a505868c16edd8186f7480ce7abd69263b8
scripts/parse_cafe5_results.py	9953	102d67f8ed8480b2401a0dab2f6524d1b07162cb42e2902847e2d84d643dcd92
scripts/parse_diamond_annotations.py	3878	6dee0077824b502239d54e8df8ad7493e5b237e2a04a470de1f1464ae86507cb
scripts/plot_cafe5_candidate_turnover_sensitivity.R	6403	f92ad8c71e5d01eab21fb20fd3151f16c680e79ac0ff835bbc3a9b476a37c123
scripts/plot_effector_module_candidate_network.R	8359	d25ad37c5e01325dd5a11fdc1d9016159a7a1a00df0498c281bc1e832ee9b7d7
scripts/plot_evidence_sector_circos.R	27735	2629c52e4c155984183e7f2721fa9df4744480c9e992eaad22affa9082121067
scripts/plot_fig5_candidate_coevolution.R	4053	072a17c3b503ceea14d5d414198e6174dfaca60d2cb1ee85f4b7ddb70ebbbb12
scripts/plot_figures.R	74	0177fa630356b066058c47b279619c5133ec1a1ebe4ca15d45b0a46bd7d3bd58
scripts/plot_integrated_candidate_evidence.R	9637	e375e79d2ec878bba0976c08d9ccb5df9a9d636d9973a28daf653857f353b9e5
scripts/plot_manuscript_core_figures.R	15542	d4211b407997e00b73484cc4edeb5526eea39e2d434a039767da14ab704750e9
scripts/plot_manuscript_evidence_figures.R	8509	82a935c143eac76000da58179180aa370147ff224292e22daa98f000d13b008b
scripts/plot_mechanism_chord.R	7126	eb2c42927fdd56becaaa83ad28222c461d1f7d81099693fee3379b0232cdc56a
scripts/plot_multilayer_candidate_circos.R	27673	09ebab2e951eb82a863a7cb357051a8e564d018f86687f134ebd3bb7d0abb37b
scripts/plot_pwn_pine_attack_defense.R	24251	41ebb1ac0a51772d1c75e8a33dd5e4c7e347bba28773da3aca3986f388acab0c
scripts/plot_secretome_audit.R	4611	74c5648e3379c5f967a8072227296be37858d38cc5b2bf749a4da59e1a0c1d2c
scripts/predict_secretome.py	6196	f0f8681ea1934dfc99291f8e604218baec82c517f261bc9d121e95cd864b005c
scripts/prepare_cafe_diagnostic_inputs.py	7429	cf6b84ae6e18068043c697697e74789da8b526a88e3b01ff462bb73a61c2f841
scripts/prepare_cafe_inputs.py	5014	55b8b9496a10efacc38a16ea8de9e21552d7852eada13321767cc19d58c6a284
scripts/prepare_longest_isoforms.py	3788	a7c0a4d6e4612f922c21e26de0a38dcec4d9ececa6f105a26b556d08de3cfce7
scripts/prepare_orthofinder_inputs.py	2161	2777fc19b2396c8a1a95f581a58d8b1f0b3b66187d19c5cff7536ac459fa2608
scripts/prepare_ultrametric_tree.py	7900	a67c6539801d8a1789290ee01f871074c42565debce444152bda2bb569196109
scripts/prioritize_defense_module_candidates.py	11944	6c452f93d359875a642bd1d6b8a481b70609a39608c155a3a58caecc92cfa080
scripts/prioritize_effector_target_network_effectors.py	3759	bb35476fd68941c84d7bc0fb723de5e62b8a04c748c40fe31298aed695fdf680
scripts/rank_candidate_evidence.py	8871	119c2579c9bd6ddf418c1e9b121b0e6ea60409db80b6696f85aeceec4249433d
scripts/render_pmas_pathview.R	6706	2f886a1eb081c62708c2cab765045586574420caeddeb0f53f08ba26a1eb3ac6
scripts/run_effector_target_network_pmas_interaction.R	3467	91b6ec515f89f6283cc675d49c25bf140e11ec5c0e4f0e784b14d9614402da7d
scripts/run_enrichment.R	73	67ddc039fe874820e7c5185927ea6c46bf5e862f60f4afb639dd00213ec0a60f
scripts/run_family_validation.py	8840	7b6b8403aa9a95a5a03647dfc298361244d975642922d2a8e31b073daba91cd9
scripts/run_pmas_mechanism_enrichment.R	6108	27a9b3fd8850f942b09398babaa0346089ea8de22c94046bc9baaddbc790eaa5
scripts/run_three_timepoint_deseq2.R	3836	2b78b603d37e46d917a08f06b03d49b904c9dfd467b4f17feb9852ca7f3118d0
scripts/select_annotation_query_batch.py	4302	461ec85e32a20b3e214b0bc44169ddebc7e78be352d1d81770752adca941aef9
scripts/select_fasta_by_table.py	3942	6a2df8b7c930f26e391fb704ad276e0731735bb5a796e9114ed5c2e7b4b9a2d1
scripts/select_top_regional_contrasts.py	8575	b456e10ed03b7d10a79bda6124e5dd1699832e6164d81c7de92f60574c99dc4a
scripts/shortlist_defense_module_candidates.py	5120	b51e6709d9c6d82a925f4d966f056fc09640917311352bb20e24cfc94313e4fc
scripts/summarize_cafe_diagnostic_runs.py	12256	ee24b8e0d221ff5188d6d43ba79a28ca248377fffeefbe055d567ece7abb3990
scripts/summarize_candidate_coevolution.py	7929	48d3ebd19ebe04470d5238c1a1036a699c30a07899209522176f6986833166ac
scripts/summarize_defense_module_hits.py	5952	82ad72a67c808b8144a19327c19a96618bb5dd773ffd325487ae4658cad9ea87
scripts/summarize_effector_target_network_alphafold_server.py	11583	515d4bf078d88fb232a3498e07b163f9f4d07bb1431f3de3c0afd84c9b0eac72
scripts/summarize_effector_target_network_effector_clusters.py	3962	47b8222823df2546760098ec95b44c703b7e0204c32fe7e94ad0d6754480054b
scripts/summarize_effector_target_network_interproscan.py	8369	c15e75b137813eb8cd8bd8c4f4150b3c42a68a84becbe8dd44a10643d8fcc377
scripts/summarize_effector_target_network_salmon_pilot.py	6996	7696809a32bab98ecacd8a0fa0be0acc19f1dc2dae37469980cec30a020b45d7
scripts/summarize_proteomes.py	4045	894d8b05171fc41f6d612ebe902838c945228c14af482f104bc87199a7608d14
scripts/utils.py	45	86244fa0876f1feb257b7069b365f75d74943eb7d3bd7245d6da520c628a0884
scripts/validate_metadata.py	7993	0b33d94d0d585cffef3f1099bfb69a4b6cf3584c0cd0a5062b3c9d6e1a9d8ddd
Snakefile	11398	a02e0370b57e15e7d0f597b307bffc3d42d589595aa45b7011b019122ee57028
tests/test_annotate_defense_modules.py	4808	1e07e821ce18b2d16fbbf72b1262bedca5d3cf737a021bdc891e0b06aea0c5b3
tests/test_classify_effectors.py	4292	ea94fd3ff76e91ae9ff49312aa26a11d9f4596dff8bd6e7940dc0a6510c552e4
tests/test_fasta_processing.py	4520	54a1f452ebac53ab037b1f414ec1b08d25b09257f81fdc289c21d9dbfcc921d5
tests/test_map_effectors_to_host_modules.py	3484	5848d436a17200b22b5f1b69166235237129d4226b51eb67e719f0869923c206
tests/test_metadata.py	8251	58119dc6c8568596095f99d65ea0c369e95696a44c8847116c5cc19898d89402
tests/test_parse_diamond_annotations.py	1861	fd8a08c6d11c743ab59d204380520c600a91adc9aa5be7d331d6f618ca3c22ed
tests/test_predict_secretome.py	1897	b1a41e0b752b99ed8368462a49456f763b580152569a65ffadca3ad0be0c9f19
tests/test_prepare_cafe_inputs.py	2309	57b621a4fffe13e4992fb6db9a2ff1ad0d2f31e9c89a0431d2a23cf3ce2c965f
tests/test_prepare_longest_isoforms.py	2003	3d7a84bece8a66b653dbda65523468a6de080ba2bd2481e3568d4bec5111f87e
tests/test_prepare_orthofinder_inputs.py	2207	963f73fd7f6dc11663a3773bfeb1a7596fd11b9157fe8904fe2dcd2a59f49634
tests/test_prepare_ultrametric_tree.py	4162	b747f17f811f4ecdad115b2a207ad09bfd1bc24ba176ba66c52cffa9fb0b9654
tests/test_smoke_example.py	609	44c6c958a38597b8f00e5eb388def28ae35552341afe52affc4b5307905d508d
workflow/envs/annotation.yaml	146	8d395a034b39592ecae5457142af39afc5740e3132d43fab754b7626caa0f698
workflow/envs/base.yaml	201	801e8cf0de7f5cce7e0c280ab59b06693b5ef9f89136f8711ba9fbbc3e4e7b18
workflow/envs/cafe5-linux.yaml	89	3fb93695055be3c61d75c04abc5e207b70cebf4ed58ea1ed955a6c478ab0bf83
workflow/envs/orthology.yaml	136	8592d5acfa57aae3ce055155345c0e50d00c59fd662f8a06b4c9d4ff1729faab
workflow/envs/phylo.yaml	134	962360f2e5c1ac5906f911e4dee2d710d341f64add65062326ef641afe88c783
workflow/envs/r.yaml	247	f636012cd885691d6e82b7e24099f719c877b78148fb5425e5921ab2499601ca
workflow/envs/rnaseq_deseq2.yaml	239	01b06a9ccc22ea4319f4a794981dbedbfbdbb8afa540640229c21e9815116c63
workflow/envs/secretome.yaml	87	9b4812594d8ca80065ac1a66f0c5ba6621a4a95e4003ac95f6fd1d48e6d2eae9
workflow/rules/00_download.smk	56	f2b9e288e62627dc2510f19fc6f29044769d2acb3843e680659b385a4bacb74b
workflow/rules/01_prepare_proteomes.smk	5027	1df0f02a9e60cae43bac8f015ff49b16b8640bab07b8e6599d2fc1b23cd489ad
workflow/rules/02_orthology.smk	18145	8fff7bb4ac91c8b3fe3c5a51665cefe2127475ba8e2957ac83e380583df6dae0
workflow/rules/03_domain_annotation.smk	3715	d2d579e780d6bf817d506a6651b3890c7ce43d61ef5f91d6fdc81f27fba97979
workflow/rules/04_defense_modules.smk	3528	f94095978599661022beb3b2b5a893cf9542f418cec31d59b003ea208c3c32bd
workflow/rules/05_nematode_secretome.smk	18302	46fc7693309b69808c6d775c9be452fcb7177f2c488fb4a48ecb953c17aab7eb
workflow/rules/06_effector_host_mapping.smk	704	736ddc1ae9cc0507933ba33afd5f6e33593fd296e4f724b8c3ad57b353705c01
workflow/rules/07_selection_tests.smk	60083	503f42d950d0b61350b84a1884bc73e456fe80f57ab924150fab1403193f4734
workflow/rules/08_figures.smk	26747	3232dcd61754d590506e7e060b2e7961604e26c7692553b0d22b7461a25bd2e3
workflow/rules/09_pathview.smk	5811	c5d1f74d5ddc699ec50aba0e04327801e6a9ab9be6d5b3fafda51db41fa11cb1
workflow/rules/common.smk	1620	7f6fcd293dd114c1e57a8c18387be7dd6dd1a0da55f545ecee2ca88f4ba333e8
